# foF2 climatology grid, MHz.
#
# GENERATED by src/bin/gen_fof2_grid.rs from fof2::climatology_fof2. Do not edit by
# hand: the test fof2::tests::bundled_grid_matches_its_generator compares the two.
#
# THESE ARE NOT CCIR, URSI OR IRI COEFFICIENTS. The layout follows the operational
# maps (latitude x local solar time, per season, at two solar-activity levels
# interpolated in NmF2) so that real coefficient data drops in as a file
# replacement, but the values are an order-of-magnitude climatology calibrated only
# to fof2::fof2_from_ssn. See the provenance section of fof2's module docs.
#
# Columns: season, ssn, latitude_deg, then foF2 at local solar time
# 0, 1, ... 23 h. Season is the LOCAL season (already hemisphere-flipped by the
# caller), so a row's latitude sign carries no seasonal meaning.
# Lattice: 37 latitude rows from -90 deg at 5 deg, 24 local-time columns at 1 h (periodic).
winter	0	-90	2.0135	1.9295	1.8913	1.8910	1.9281	2.0094	2.1473	2.3561	2.6451	3.0111	3.4327	3.8711	4.2746	4.5884	4.7657	4.7786	4.6243	4.3264	3.9291	3.4874	3.0556	2.6765	2.3751	2.1570
winter	0	-85	2.0227	1.9377	1.8990	1.8988	1.9367	2.0194	2.1591	2.3699	2.6607	3.0280	3.4502	3.8884	4.2912	4.6040	4.7805	4.7929	4.6386	4.3409	3.9439	3.5023	3.0700	2.6900	2.3872	2.1676
winter	0	-80	2.0405	1.9536	1.9141	1.9143	1.9536	2.0388	2.1820	2.3966	2.6911	3.0608	3.4841	3.9219	4.3232	4.6342	4.8091	4.8205	4.6661	4.3689	3.9725	3.5310	3.0980	2.7161	2.4106	2.1881
winter	0	-75	2.0739	1.9836	1.9426	1.9433	1.9854	2.0753	2.2248	2.4464	2.7471	3.1213	3.5464	3.9835	4.3821	4.6896	4.8615	4.8712	4.7166	4.4203	4.0250	3.5838	3.1495	2.7644	2.4542	2.2263
winter	0	-70	2.1313	2.0355	1.9921	1.9939	2.0405	2.1382	2.2981	2.5310	2.8419	3.2231	3.6509	4.0865	4.4805	4.7823	4.9491	4.9559	4.8009	4.5062	4.1129	3.6724	3.2361	2.8458	2.5280	2.2915
winter	0	-65	2.2170	2.1136	2.0669	2.0703	2.1235	2.2324	2.4067	2.6553	2.9799	3.3704	3.8016	4.2346	4.6218	4.9151	5.0747	5.0773	4.9219	4.6294	4.2391	3.7998	3.3611	2.9642	2.6361	2.3878
winter	0	-60	2.3207	2.2089	2.1587	2.1641	2.2250	2.3467	2.5374	2.8032	3.1428	3.5432	3.9774	4.4069	4.7859	5.0693	5.2202	5.2180	5.0621	4.7724	4.3857	3.9483	3.5074	3.1034	2.7643	2.5033
winter	0	-55	2.4187	2.2996	2.2464	2.2538	2.3217	2.4549	2.6599	2.9407	3.2932	3.7018	4.1382	4.5641	4.9354	5.2096	5.3527	5.3461	5.1897	4.9027	4.5195	4.0840	3.6415	3.2318	2.8833	2.6114
winter	0	-50	2.4919	2.3677	2.3124	2.3213	2.3944	2.5358	2.7511	3.0425	3.4040	3.8183	4.2561	4.6793	5.0450	5.3125	5.4500	5.4401	5.2834	4.9982	4.6176	4.1836	3.7401	3.3263	2.9714	2.6918
winter	0	-45	2.5380	2.4105	2.3540	2.3638	2.4401	2.5866	2.8084	3.1066	3.4741	3.8925	4.3321	4.7546	5.1178	5.3820	5.5165	5.5047	5.3475	5.0628	4.6828	4.2486	3.8036	3.3866	3.0272	2.7425
winter	0	-40	2.5655	2.4353	2.3774	2.3876	2.4658	2.6159	2.8425	3.1468	3.5210	3.9464	4.3926	4.8209	5.1887	5.4560	5.5918	5.5796	5.4201	5.1315	4.7464	4.3060	3.8542	3.4304	3.0646	2.7744
winter	0	-35	2.6257	2.4935	2.4355	2.4475	2.5295	2.6846	2.9169	3.2264	3.6049	4.0335	4.4822	4.9123	5.2814	5.5495	5.6852	5.6719	5.5101	5.2184	4.8294	4.3851	3.9293	3.5014	3.1316	2.8376
winter	0	-30	2.6960	2.5532	2.4903	2.5026	2.5896	2.7550	3.0037	3.3366	3.7466	4.2146	4.7087	5.1869	5.6013	5.9054	6.0625	6.0518	5.8738	5.5493	5.1163	4.6230	4.1193	3.6492	3.2450	2.9255
winter	0	-25	2.7849	2.6193	2.5450	2.5553	2.6495	2.8329	3.1130	3.4941	3.9706	4.5228	5.1144	5.6948	6.2045	6.5842	6.7859	6.7819	6.5714	6.1807	5.6580	5.0639	4.4606	3.9015	3.4250	3.0514
winter	0	-20	2.8773	2.6866	2.5994	2.6070	2.7088	2.9118	3.2263	3.6590	4.2055	4.8442	5.5336	6.2142	6.8155	7.2667	7.5099	7.5115	7.2700	6.8162	6.2075	5.5157	4.8141	4.1656	3.6145	3.1838
winter	0	-15	2.9372	2.7405	2.6503	2.6585	2.7644	2.9749	3.2996	3.7441	4.3023	4.9508	5.6467	6.3303	6.9312	7.3800	7.6201	7.6192	7.3763	6.9217	6.3117	5.6168	4.9097	4.2533	3.6927	3.2522
winter	0	-10	2.9484	2.7740	2.6963	2.7100	2.8146	3.0141	3.3132	3.7123	4.2015	4.7575	5.3424	5.9066	6.3943	6.7518	6.9364	6.9246	6.7166	6.3367	5.8287	5.2480	4.6527	4.0942	3.6112	3.2266
winter	0	-5	2.9365	2.7976	2.7401	2.7619	2.8624	3.0418	3.2987	3.6272	4.0140	4.4373	4.8673	5.2689	5.6052	5.8425	5.9554	5.9309	5.7706	5.4907	5.1198	4.6941	4.2526	3.8314	3.4600	3.1582
winter	0	0	2.9361	2.8260	2.7853	2.8142	2.9116	3.0750	3.2982	3.5709	3.8776	4.1983	4.5100	4.7887	5.0117	5.1598	5.2200	5.1866	5.0619	4.8565	4.5878	4.2782	3.9526	3.6359	3.3502	3.1130
winter	0	5	2.9365	2.7976	2.7401	2.7619	2.8624	3.0418	3.2987	3.6272	4.0140	4.4373	4.8673	5.2689	5.6052	5.8425	5.9554	5.9309	5.7706	5.4907	5.1198	4.6941	4.2526	3.8314	3.4600	3.1582
winter	0	10	2.9484	2.7740	2.6963	2.7100	2.8146	3.0141	3.3132	3.7123	4.2015	4.7575	5.3424	5.9066	6.3943	6.7518	6.9364	6.9246	6.7166	6.3367	5.8287	5.2480	4.6527	4.0942	3.6112	3.2266
winter	0	15	2.9372	2.7405	2.6503	2.6585	2.7644	2.9749	3.2996	3.7441	4.3023	4.9508	5.6467	6.3303	6.9312	7.3800	7.6201	7.6192	7.3763	6.9217	6.3117	5.6168	4.9097	4.2533	3.6927	3.2522
winter	0	20	2.8773	2.6866	2.5994	2.6070	2.7088	2.9118	3.2263	3.6590	4.2055	4.8442	5.5336	6.2142	6.8155	7.2667	7.5099	7.5115	7.2700	6.8162	6.2075	5.5157	4.8141	4.1656	3.6145	3.1838
winter	0	25	2.7849	2.6193	2.5450	2.5553	2.6495	2.8329	3.1130	3.4941	3.9706	4.5228	5.1144	5.6948	6.2045	6.5842	6.7859	6.7819	6.5714	6.1807	5.6580	5.0639	4.4606	3.9015	3.4250	3.0514
winter	0	30	2.6960	2.5532	2.4903	2.5026	2.5896	2.7550	3.0037	3.3366	3.7466	4.2146	4.7087	5.1869	5.6013	5.9054	6.0625	6.0518	5.8738	5.5493	5.1163	4.6230	4.1193	3.6492	3.2450	2.9255
winter	0	35	2.6257	2.4935	2.4355	2.4475	2.5295	2.6846	2.9169	3.2264	3.6049	4.0335	4.4822	4.9123	5.2814	5.5495	5.6852	5.6719	5.5101	5.2184	4.8294	4.3851	3.9293	3.5014	3.1316	2.8376
winter	0	40	2.5655	2.4353	2.3774	2.3876	2.4658	2.6159	2.8425	3.1468	3.5210	3.9464	4.3926	4.8209	5.1887	5.4560	5.5918	5.5796	5.4201	5.1315	4.7464	4.3060	3.8542	3.4304	3.0646	2.7744
winter	0	45	2.5380	2.4105	2.3540	2.3638	2.4401	2.5866	2.8084	3.1066	3.4741	3.8925	4.3321	4.7546	5.1178	5.3820	5.5165	5.5047	5.3475	5.0628	4.6828	4.2486	3.8036	3.3866	3.0272	2.7425
winter	0	50	2.4919	2.3677	2.3124	2.3213	2.3944	2.5358	2.7511	3.0425	3.4040	3.8183	4.2561	4.6793	5.0450	5.3125	5.4500	5.4401	5.2834	4.9982	4.6176	4.1836	3.7401	3.3263	2.9714	2.6918
winter	0	55	2.4187	2.2996	2.2464	2.2538	2.3217	2.4549	2.6599	2.9407	3.2932	3.7018	4.1382	4.5641	4.9354	5.2096	5.3527	5.3461	5.1897	4.9027	4.5195	4.0840	3.6415	3.2318	2.8833	2.6114
winter	0	60	2.3207	2.2089	2.1587	2.1641	2.2250	2.3467	2.5374	2.8032	3.1428	3.5432	3.9774	4.4069	4.7859	5.0693	5.2202	5.2180	5.0621	4.7724	4.3857	3.9483	3.5074	3.1034	2.7643	2.5033
winter	0	65	2.2170	2.1136	2.0669	2.0703	2.1235	2.2324	2.4067	2.6553	2.9799	3.3704	3.8016	4.2346	4.6218	4.9151	5.0747	5.0773	4.9219	4.6294	4.2391	3.7998	3.3611	2.9642	2.6361	2.3878
winter	0	70	2.1313	2.0355	1.9921	1.9939	2.0405	2.1382	2.2981	2.5310	2.8419	3.2231	3.6509	4.0865	4.4805	4.7823	4.9491	4.9559	4.8009	4.5062	4.1129	3.6724	3.2361	2.8458	2.5280	2.2915
winter	0	75	2.0739	1.9836	1.9426	1.9433	1.9854	2.0753	2.2248	2.4464	2.7471	3.1213	3.5464	3.9835	4.3821	4.6896	4.8615	4.8712	4.7166	4.4203	4.0250	3.5838	3.1495	2.7644	2.4542	2.2263
winter	0	80	2.0405	1.9536	1.9141	1.9143	1.9536	2.0388	2.1820	2.3966	2.6911	3.0608	3.4841	3.9219	4.3232	4.6342	4.8091	4.8205	4.6661	4.3689	3.9725	3.5310	3.0980	2.7161	2.4106	2.1881
winter	0	85	2.0227	1.9377	1.8990	1.8988	1.9367	2.0194	2.1591	2.3699	2.6607	3.0280	3.4502	3.8884	4.2912	4.6040	4.7805	4.7929	4.6386	4.3409	3.9439	3.5023	3.0700	2.6900	2.3872	2.1676
winter	0	90	2.0135	1.9295	1.8913	1.8910	1.9281	2.0094	2.1473	2.3561	2.6451	3.0111	3.4327	3.8711	4.2746	4.5884	4.7657	4.7786	4.6243	4.3264	3.9291	3.4874	3.0556	2.6765	2.3751	2.1570
winter	100	-90	2.8245	2.6031	2.4993	2.4985	2.5994	2.8138	3.1616	3.6612	4.3180	5.1136	6.0000	6.8999	7.7152	8.3431	8.6960	8.7216	8.4148	7.8193	7.0178	6.1133	5.2085	4.3875	3.7054	3.1855
winter	100	-85	2.8481	2.6250	2.5205	2.5201	2.6226	2.8395	3.1905	3.6933	4.3526	5.1497	6.0363	6.9351	7.7485	8.3742	8.7254	8.7500	8.4432	7.8483	7.0478	6.1440	5.2392	4.4173	3.7335	3.2113
winter	100	-80	2.8939	2.6676	2.5616	2.5621	2.6676	2.8895	3.2466	3.7554	4.4197	5.2196	6.1064	7.0032	7.8129	8.4344	8.7822	8.8049	8.4979	7.9045	7.1058	6.2034	5.2986	4.4750	3.7878	3.2614
winter	100	-75	2.9787	2.7467	2.6382	2.6402	2.7513	2.9822	3.3502	3.8700	4.5430	5.3479	6.2351	7.1280	7.9309	8.5448	8.8862	8.9055	8.5984	8.0074	7.2121	6.3123	5.4076	4.5809	3.8878	3.3537
winter	100	-70	3.1222	2.8811	2.7688	2.7734	2.8937	3.1392	3.5249	4.0624	4.7496	5.5625	6.4501	7.3363	8.1278	8.7290	9.0598	9.0733	8.7660	8.1791	7.3896	6.4941	5.5898	4.7583	4.0557	3.5094
winter	100	-65	3.3315	3.0782	2.9610	2.9695	3.1027	3.3685	3.7788	4.3405	5.0471	5.8706	6.7583	7.6348	8.4098	8.9926	9.3083	9.3135	9.0059	8.4249	7.6438	6.7547	5.8512	5.0134	4.2979	3.7351
winter	100	-60	3.5784	3.3120	3.1896	3.2029	3.3508	3.6394	4.0769	4.6655	5.3934	6.2284	7.1157	7.9804	8.7362	9.2976	9.5957	9.5913	9.2834	8.7094	7.9382	7.0567	6.1546	5.3101	4.5807	3.9998
winter	100	-55	3.8063	3.5286	3.4020	3.4198	3.5807	3.8895	4.3509	4.9630	5.7095	6.5544	7.4408	8.2947	9.0327	9.5747	9.8568	9.8437	9.5355	8.9679	8.2057	7.3314	6.4308	5.5807	4.8394	4.2430
winter	100	-50	3.9738	3.6882	3.5588	3.5798	3.7502	4.0733	4.5518	5.1807	5.9405	6.7923	7.6782	8.5242	9.2496	9.7775	10.0481	10.0288	9.7203	9.1571	8.4014	7.5321	6.6327	5.7786	5.0288	4.4213
winter	100	-45	4.0782	3.7875	3.6563	3.6793	3.8555	4.1875	4.6769	5.3168	6.0857	6.9434	7.8306	8.6739	9.3934	9.9143	10.1788	10.1557	9.8464	9.2847	8.5312	7.6631	6.7624	5.9042	5.1480	4.5329
winter	100	-40	4.1403	3.8444	3.7109	3.7346	3.9145	4.2529	4.7511	5.4018	6.1827	7.0528	7.9519	8.8057	9.5335	10.0599	10.3267	10.3027	9.9893	9.4206	8.6576	7.7783	6.8656	5.9953	5.2276	4.6027
winter	100	-35	4.2748	3.9774	3.8449	3.8726	4.0590	4.4055	4.9119	5.5695	6.3557	7.2293	8.1311	8.9869	9.7163	10.2437	10.5101	10.4839	10.1664	9.5920	8.8226	7.9369	7.0181	6.1423	5.3697	4.7405
winter	100	-30	4.4306	4.1124	3.9703	3.9981	4.1942	4.5603	5.0979	5.8002	6.6461	7.5945	8.5828	9.5300	10.3454	10.9415	11.2485	11.2278	10.8795	10.2432	9.3906	8.4122	7.4027	6.4465	5.6086	4.9302
winter	100	-25	4.6257	4.2607	4.0942	4.1172	4.3277	4.7301	5.3304	6.1272	7.1020	8.2123	9.3868	10.5289	11.5258	12.2659	12.6581	12.6503	12.2410	11.4795	10.4567	9.2870	8.0879	6.9618	5.9841	5.1996
winter	100	-20	4.8264	4.4099	4.2161	4.2331	4.4589	4.9008	5.5692	6.4667	7.5764	8.8519	10.2124	11.5447	12.7156	13.5914	14.0624	14.0655	13.5976	12.7171	11.5318	10.1773	8.7922	7.4960	6.3753	5.4798
winter	100	-15	4.9555	4.5284	4.3294	4.3476	4.5809	5.0363	5.7228	6.6409	7.7708	9.0631	10.4346	11.7712	12.9404	13.8108	14.2758	14.2741	13.8037	12.9220	11.7349	10.3758	8.9818	7.6725	6.5358	5.6236
winter	100	-10	4.9795	4.6018	4.4313	4.4616	4.6905	5.1201	5.7514	6.5759	7.5682	8.6796	9.8364	10.9437	11.8960	12.5917	12.9504	12.9275	12.5234	11.7837	10.7912	9.6505	8.4714	7.3520	6.3686	5.5699
winter	100	-5	4.9540	4.6535	4.5277	4.5754	4.7941	5.1791	5.7210	6.4015	7.1899	8.0413	8.8977	9.6916	10.3530	10.8183	11.0393	10.9913	10.6774	10.1282	9.3974	8.5537	7.6710	6.8191	6.0565	5.4259
winter	100	0	4.9531	4.7153	4.6266	4.6895	4.9005	5.2497	5.7199	6.2856	6.9131	7.5619	8.1868	8.7418	9.1837	9.4765	9.5953	9.5292	9.2830	8.8762	8.3419	7.7224	7.0655	6.4193	5.8284	5.3303
winter	100	5	4.9540	4.6535	4.5277	4.5754	4.7941	5.1791	5.7210	6.4015	7.1899	8.0413	8.8977	9.6916	10.3530	10.8183	11.0393	10.9913	10.6774	10.1282	9.3974	8.5537	7.6710	6.8191	6.0565	5.4259
winter	100	10	4.9795	4.6018	4.4313	4.4616	4.6905	5.1201	5.7514	6.5759	7.5682	8.6796	9.8364	10.9437	11.8960	12.5917	12.9504	12.9275	12.5234	11.7837	10.7912	9.6505	8.4714	7.3520	6.3686	5.5699
winter	100	15	4.9555	4.5284	4.3294	4.3476	4.5809	5.0363	5.7228	6.6409	7.7708	9.0631	10.4346	11.7712	12.9404	13.8108	14.2758	14.2741	13.8037	12.9220	11.7349	10.3758	8.9818	7.6725	6.5358	5.6236
winter	100	20	4.8264	4.4099	4.2161	4.2331	4.4589	4.9008	5.5692	6.4667	7.5764	8.8519	10.2124	11.5447	12.7156	13.5914	14.0624	14.0655	13.5976	12.7171	11.5318	10.1773	8.7922	7.4960	6.3753	5.4798
winter	100	25	4.6257	4.2607	4.0942	4.1172	4.3277	4.7301	5.3304	6.1272	7.1020	8.2123	9.3868	10.5289	11.5258	12.2659	12.6581	12.6503	12.2410	11.4795	10.4567	9.2870	8.0879	6.9618	5.9841	5.1996
winter	100	30	4.4306	4.1124	3.9703	3.9981	4.1942	4.5603	5.0979	5.8002	6.6461	7.5945	8.5828	9.5300	10.3454	10.9415	11.2485	11.2278	10.8795	10.2432	9.3906	8.4122	7.4027	6.4465	5.6086	4.9302
winter	100	35	4.2748	3.9774	3.8449	3.8726	4.0590	4.4055	4.9119	5.5695	6.3557	7.2293	8.1311	8.9869	9.7163	10.2437	10.5101	10.4839	10.1664	9.5920	8.8226	7.9369	7.0181	6.1423	5.3697	4.7405
winter	100	40	4.1403	3.8444	3.7109	3.7346	3.9145	4.2529	4.7511	5.4018	6.1827	7.0528	7.9519	8.8057	9.5335	10.0599	10.3267	10.3027	9.9893	9.4206	8.6576	7.7783	6.8656	5.9953	5.2276	4.6027
winter	100	45	4.0782	3.7875	3.6563	3.6793	3.8555	4.1875	4.6769	5.3168	6.0857	6.9434	7.8306	8.6739	9.3934	9.9143	10.1788	10.1557	9.8464	9.2847	8.5312	7.6631	6.7624	5.9042	5.1480	4.5329
winter	100	50	3.9738	3.6882	3.5588	3.5798	3.7502	4.0733	4.5518	5.1807	5.9405	6.7923	7.6782	8.5242	9.2496	9.7775	10.0481	10.0288	9.7203	9.1571	8.4014	7.5321	6.6327	5.7786	5.0288	4.4213
winter	100	55	3.8063	3.5286	3.4020	3.4198	3.5807	3.8895	4.3509	4.9630	5.7095	6.5544	7.4408	8.2947	9.0327	9.5747	9.8568	9.8437	9.5355	8.9679	8.2057	7.3314	6.4308	5.5807	4.8394	4.2430
winter	100	60	3.5784	3.3120	3.1896	3.2029	3.3508	3.6394	4.0769	4.6655	5.3934	6.2284	7.1157	7.9804	8.7362	9.2976	9.5957	9.5913	9.2834	8.7094	7.9382	7.0567	6.1546	5.3101	4.5807	3.9998
winter	100	65	3.3315	3.0782	2.9610	2.9695	3.1027	3.3685	3.7788	4.3405	5.0471	5.8706	6.7583	7.6348	8.4098	8.9926	9.3083	9.3135	9.0059	8.4249	7.6438	6.7547	5.8512	5.0134	4.2979	3.7351
winter	100	70	3.1222	2.8811	2.7688	2.7734	2.8937	3.1392	3.5249	4.0624	4.7496	5.5625	6.4501	7.3363	8.1278	8.7290	9.0598	9.0733	8.7660	8.1791	7.3896	6.4941	5.5898	4.7583	4.0557	3.5094
winter	100	75	2.9787	2.7467	2.6382	2.6402	2.7513	2.9822	3.3502	3.8700	4.5430	5.3479	6.2351	7.1280	7.9309	8.5448	8.8862	8.9055	8.5984	8.0074	7.2121	6.3123	5.4076	4.5809	3.8878	3.3537
winter	100	80	2.8939	2.6676	2.5616	2.5621	2.6676	2.8895	3.2466	3.7554	4.4197	5.2196	6.1064	7.0032	7.8129	8.4344	8.7822	8.8049	8.4979	7.9045	7.1058	6.2034	5.2986	4.4750	3.7878	3.2614
winter	100	85	2.8481	2.6250	2.5205	2.5201	2.6226	2.8395	3.1905	3.6933	4.3526	5.1497	6.0363	6.9351	7.7485	8.3742	8.7254	8.7500	8.4432	7.8483	7.0478	6.1440	5.2392	4.4173	3.7335	3.2113
winter	100	90	2.8245	2.6031	2.4993	2.4985	2.5994	2.8138	3.1616	3.6612	4.3180	5.1136	6.0000	6.8999	7.7152	8.3431	8.6960	8.7216	8.4148	7.8193	7.0178	6.1133	5.2085	4.3875	3.7054	3.1855
equinox	0	-90	2.1645	2.0849	2.0500	2.0566	2.1047	2.1978	2.3402	2.5343	2.7765	3.0553	3.3503	3.6350	3.8799	4.0578	4.1475	4.1378	4.0295	3.8354	3.5777	3.2852	2.9876	2.7117	2.4771	2.2940
equinox	0	-85	2.1766	2.0965	2.0615	2.0685	2.1175	2.2118	2.3555	2.5508	2.7938	3.0726	3.3671	3.6508	3.8945	4.0711	4.1598	4.1496	4.0414	3.8476	3.5906	3.2987	3.0015	2.7256	2.4905	2.3068
equinox	0	-80	2.2001	2.1191	2.0840	2.0917	2.1424	2.2390	2.3854	2.5829	2.8273	3.1063	3.3997	3.6813	3.9226	4.0968	4.1837	4.1726	4.0643	3.8714	3.6156	3.3248	3.0284	2.7524	2.5166	2.3317
equinox	0	-75	2.2441	2.1615	2.1261	2.1353	2.1891	2.2899	2.4409	2.6424	2.8892	3.1684	3.4597	3.7376	3.9742	4.1440	4.2275	4.2146	4.1065	3.9150	3.6615	3.3730	3.0779	2.8020	2.5650	2.3779
equinox	0	-70	2.3193	2.2344	2.1989	2.2105	2.2694	2.3772	2.5356	2.7434	2.9937	3.2728	3.5604	3.8317	4.0605	4.2228	4.3007	4.2850	4.1769	3.9880	3.7384	3.4536	3.1611	2.8857	2.6469	2.4566
equinox	0	-65	2.4309	2.3431	2.3077	2.3231	2.3892	2.5067	2.6752	2.8911	3.1456	3.4238	3.7056	3.9672	4.1845	4.3360	4.4057	4.3858	4.2779	4.0927	3.8488	3.5699	3.2814	3.0072	2.7665	2.5724
equinox	0	-60	2.5648	2.4745	2.4397	2.4597	2.5341	2.6623	2.8417	3.0661	3.3245	3.6008	3.8750	4.1249	4.3287	4.4674	4.5276	4.5029	4.3952	4.2144	3.9774	3.7055	3.4222	3.1500	2.9082	2.7104
equinox	0	-55	2.6904	2.5983	2.5644	2.5887	2.6706	2.8081	2.9968	3.2282	3.4894	3.7633	4.0301	4.2690	4.4602	4.5872	4.6387	4.6095	4.5021	4.3254	4.0947	3.8295	3.5513	3.2817	3.0394	2.8391
equinox	0	-50	2.7838	2.6906	2.6575	2.6850	2.7723	2.9165	3.1117	3.3478	3.6107	3.8826	4.1439	4.3746	4.5566	4.6751	4.7202	4.6879	4.5806	4.4069	4.1808	3.9205	3.6463	3.3786	3.1362	2.9344
equinox	0	-45	2.8424	2.7485	2.7158	2.7453	2.8359	2.9842	3.1836	3.4230	3.6873	3.9586	4.2172	4.4437	4.6207	4.7345	4.7760	4.7417	4.6342	4.4619	4.2381	3.9801	3.7075	3.4404	3.1975	2.9944
equinox	0	-40	2.8774	2.7817	2.7486	2.7789	2.8717	3.0232	3.2264	3.4700	3.7386	4.0138	4.2756	4.5045	4.6832	4.7978	4.8392	4.8041	4.6951	4.5206	4.2939	4.0326	3.7563	3.4853	3.2386	3.0321
equinox	0	-35	2.9047	2.8030	2.7668	2.7966	2.8914	3.0480	3.2598	3.5156	3.8001	4.0941	4.3766	4.6261	4.8230	4.9513	5.0004	4.9659	4.8504	4.6630	4.4189	4.1376	3.8408	3.5509	3.2879	3.0686
equinox	0	-30	2.9419	2.8238	2.7784	2.8055	2.9042	3.0724	3.3053	3.5934	3.9218	4.2695	4.6120	4.9220	5.1735	5.3439	5.4170	5.3855	5.2516	5.0274	4.7327	4.3935	4.0381	3.6941	3.3857	3.1311
equinox	0	-25	2.9979	2.8502	2.7882	2.8100	2.9148	3.1031	3.3736	3.7198	4.1274	4.5729	5.0247	5.4455	5.7970	6.0444	6.1618	6.1363	5.9696	5.6784	5.2919	4.8474	4.3850	3.9427	3.5514	3.2327
equinox	0	-20	3.0540	2.8753	2.7960	2.8122	2.9233	3.1324	3.4420	3.8490	4.3398	4.8878	5.4543	5.9913	6.4475	6.7757	6.9397	6.9206	6.7198	6.3589	5.8765	5.3217	4.7472	4.2015	3.7230	3.3368
equinox	0	-15	3.0716	2.8833	2.7988	2.8133	2.9263	3.1418	3.4634	3.8889	4.4050	4.9843	5.5856	6.1578	6.6458	6.9984	7.1765	7.1594	6.9483	6.5663	6.0548	5.4666	4.8581	4.2809	3.7759	3.3690
equinox	0	-10	3.0364	2.8687	2.7956	2.8138	2.9228	3.1247	3.4206	3.8060	4.2672	4.7787	5.3041	5.7994	6.2179	6.5169	6.6641	6.6426	6.4540	6.1181	5.6701	5.1548	4.6204	4.1117	3.6643	3.3022
equinox	0	-5	2.9792	2.8444	2.7898	2.8140	2.9165	3.0964	3.3508	3.6718	4.0446	4.4469	4.8501	5.2215	5.5282	5.7410	5.8384	5.8100	5.6578	5.3964	5.0508	4.6531	4.2381	3.8393	3.4846	3.1940
equinox	0	0	2.9361	2.8260	2.7853	2.8142	2.9116	3.0750	3.2982	3.5709	3.8776	4.1983	4.5100	4.7887	5.0117	5.1598	5.2200	5.1866	5.0619	4.8565	4.5878	4.2782	3.9526	3.6359	3.3502	3.1130
equinox	0	5	2.9792	2.8444	2.7898	2.8140	2.9165	3.0964	3.3508	3.6718	4.0446	4.4469	4.8501	5.2215	5.5282	5.7410	5.8384	5.8100	5.6578	5.3964	5.0508	4.6531	4.2381	3.8393	3.4846	3.1940
equinox	0	10	3.0364	2.8687	2.7956	2.8138	2.9228	3.1247	3.4206	3.8060	4.2672	4.7787	5.3041	5.7994	6.2179	6.5169	6.6641	6.6426	6.4540	6.1181	5.6701	5.1548	4.6204	4.1117	3.6643	3.3022
equinox	0	15	3.0716	2.8833	2.7988	2.8133	2.9263	3.1418	3.4634	3.8889	4.4050	4.9843	5.5856	6.1578	6.6458	6.9984	7.1765	7.1594	6.9483	6.5663	6.0548	5.4666	4.8581	4.2809	3.7759	3.3690
equinox	0	20	3.0540	2.8753	2.7960	2.8122	2.9233	3.1324	3.4420	3.8490	4.3398	4.8878	5.4543	5.9913	6.4475	6.7757	6.9397	6.9206	6.7198	6.3589	5.8765	5.3217	4.7472	4.2015	3.7230	3.3368
equinox	0	25	2.9979	2.8502	2.7882	2.8100	2.9148	3.1031	3.3736	3.7198	4.1274	4.5729	5.0247	5.4455	5.7970	6.0444	6.1618	6.1363	5.9696	5.6784	5.2919	4.8474	4.3850	3.9427	3.5514	3.2327
equinox	0	30	2.9419	2.8238	2.7784	2.8055	2.9042	3.0724	3.3053	3.5934	3.9218	4.2695	4.6120	4.9220	5.1735	5.3439	5.4170	5.3855	5.2516	5.0274	4.7327	4.3935	4.0381	3.6941	3.3857	3.1311
equinox	0	35	2.9047	2.8030	2.7668	2.7966	2.8914	3.0480	3.2598	3.5156	3.8001	4.0941	4.3766	4.6261	4.8230	4.9513	5.0004	4.9659	4.8504	4.6630	4.4189	4.1376	3.8408	3.5509	3.2879	3.0686
equinox	0	40	2.8774	2.7817	2.7486	2.7789	2.8717	3.0232	3.2264	3.4700	3.7386	4.0138	4.2756	4.5045	4.6832	4.7978	4.8392	4.8041	4.6951	4.5206	4.2939	4.0326	3.7563	3.4853	3.2386	3.0321
equinox	0	45	2.8424	2.7485	2.7158	2.7453	2.8359	2.9842	3.1836	3.4230	3.6873	3.9586	4.2172	4.4437	4.6207	4.7345	4.7760	4.7417	4.6342	4.4619	4.2381	3.9801	3.7075	3.4404	3.1975	2.9944
equinox	0	50	2.7838	2.6906	2.6575	2.6850	2.7723	2.9165	3.1117	3.3478	3.6107	3.8826	4.1439	4.3746	4.5566	4.6751	4.7202	4.6879	4.5806	4.4069	4.1808	3.9205	3.6463	3.3786	3.1362	2.9344
equinox	0	55	2.6904	2.5983	2.5644	2.5887	2.6706	2.8081	2.9968	3.2282	3.4894	3.7633	4.0301	4.2690	4.4602	4.5872	4.6387	4.6095	4.5021	4.3254	4.0947	3.8295	3.5513	3.2817	3.0394	2.8391
equinox	0	60	2.5648	2.4745	2.4397	2.4597	2.5341	2.6623	2.8417	3.0661	3.3245	3.6008	3.8750	4.1249	4.3287	4.4674	4.5276	4.5029	4.3952	4.2144	3.9774	3.7055	3.4222	3.1500	2.9082	2.7104
equinox	0	65	2.4309	2.3431	2.3077	2.3231	2.3892	2.5067	2.6752	2.8911	3.1456	3.4238	3.7056	3.9672	4.1845	4.3360	4.4057	4.3858	4.2779	4.0927	3.8488	3.5699	3.2814	3.0072	2.7665	2.5724
equinox	0	70	2.3193	2.2344	2.1989	2.2105	2.2694	2.3772	2.5356	2.7434	2.9937	3.2728	3.5604	3.8317	4.0605	4.2228	4.3007	4.2850	4.1769	3.9880	3.7384	3.4536	3.1611	2.8857	2.6469	2.4566
equinox	0	75	2.2441	2.1615	2.1261	2.1353	2.1891	2.2899	2.4409	2.6424	2.8892	3.1684	3.4597	3.7376	3.9742	4.1440	4.2275	4.2146	4.1065	3.9150	3.6615	3.3730	3.0779	2.8020	2.5650	2.3779
equinox	0	80	2.2001	2.1191	2.0840	2.0917	2.1424	2.2390	2.3854	2.5829	2.8273	3.1063	3.3997	3.6813	3.9226	4.0968	4.1837	4.1726	4.0643	3.8714	3.6156	3.3248	3.0284	2.7524	2.5166	2.3317
equinox	0	85	2.1766	2.0965	2.0615	2.0685	2.1175	2.2118	2.3555	2.5508	2.7938	3.0726	3.3671	3.6508	3.8945	4.0711	4.1598	4.1496	4.0414	3.8476	3.5906	3.2987	3.0015	2.7256	2.4905	2.3068
equinox	0	90	2.1645	2.0849	2.0500	2.0566	2.1047	2.1978	2.3402	2.5343	2.7765	3.0553	3.3503	3.6350	3.8799	4.0578	4.1475	4.1378	4.0295	3.8354	3.5777	3.2852	2.9876	2.7117	2.4771	2.2940
equinox	100	-90	3.2038	3.0063	2.9180	2.9348	3.0561	3.2849	3.6241	4.0699	4.6074	5.2079	5.8286	6.4173	6.9179	7.2784	7.4594	7.4399	7.2212	6.8272	6.2997	5.6926	5.0635	4.4653	3.9401	3.5154
equinox	100	-85	3.2333	3.0353	2.9473	2.9649	3.0878	3.3188	3.6599	4.1071	4.6451	5.2448	5.8637	6.4498	6.9474	7.3053	7.4843	7.4638	7.2452	6.8522	6.3263	5.7209	5.0932	4.4957	3.9707	3.5456
equinox	100	-80	3.2907	3.0919	3.0041	3.0235	3.1495	3.3844	3.7294	4.1793	4.7180	5.3162	5.9315	6.5125	7.0045	7.3572	7.5324	7.5100	7.2916	6.9005	6.3776	5.7756	5.1505	4.5547	4.0299	3.6041
equinox	100	-75	3.3965	3.1965	3.1093	3.1320	3.2637	3.5057	3.8574	4.3121	4.8521	5.4474	6.0560	6.6276	7.1092	7.4524	7.6205	7.5947	7.3767	6.9892	6.4719	5.8758	5.2559	4.6631	4.1390	3.7119
equinox	100	-70	3.5751	3.3733	3.2876	3.3158	3.4569	3.7103	4.0729	4.5349	5.0765	5.6667	6.2639	6.8197	7.2839	7.6112	7.7676	7.7360	7.5187	7.1371	6.6292	6.0434	5.4320	4.8445	4.3219	3.8933
equinox	100	-65	3.8344	3.6310	3.5478	3.5841	3.7383	4.0074	4.3846	4.8562	5.3994	5.9816	6.5621	7.0950	7.5341	7.8385	7.9782	7.9384	7.7219	7.3490	6.8546	6.2835	5.6847	5.1053	4.5856	4.1556
equinox	100	-60	4.1387	3.9343	3.8547	3.9005	4.0695	4.3561	4.7492	5.2309	5.7749	6.3472	6.9079	7.4140	7.8238	8.1017	8.2219	8.1725	7.9571	7.5943	7.1156	6.5619	5.9781	5.4087	4.8930	4.4625
equinox	100	-55	4.4183	4.2137	4.1376	4.1922	4.3745	4.6763	5.0832	5.5733	6.1174	6.6802	7.2225	7.7040	8.0872	8.3408	8.4433	8.3853	8.1708	7.8172	7.3530	6.8152	6.2453	5.6854	5.1740	4.7436
equinox	100	-50	4.6233	4.4187	4.3454	4.4064	4.5981	4.9109	5.3275	5.8235	6.3675	6.9233	7.4522	7.9159	8.2798	8.5159	8.6056	8.5413	8.3275	7.9805	7.5266	7.0003	6.4405	5.8875	5.3795	4.9494
equinox	100	-45	4.7509	4.5460	4.4742	4.5390	4.7367	5.0563	5.4794	5.9798	6.5248	7.0776	7.5998	8.0541	8.4076	8.6340	8.7165	8.6484	8.4345	8.0906	7.6418	7.1211	6.5660	6.0159	5.5088	5.0781
equinox	100	-40	4.8266	4.6188	4.5463	4.6127	4.8142	5.1395	5.5695	6.0773	6.6298	7.1894	7.7172	8.1758	8.5320	8.7598	8.8420	8.7723	8.5557	8.2078	7.7541	7.2275	6.6659	6.1090	5.5952	5.1585
equinox	100	-35	4.8854	4.6652	4.5860	4.6512	4.8569	5.1925	5.6395	6.1716	6.7553	7.3519	7.9198	8.4182	8.8098	9.0642	9.1614	9.0931	8.8641	8.4918	8.0046	7.4394	6.8383	6.2443	5.6985	5.2362
equinox	100	-30	4.9655	4.7105	4.6116	4.6707	4.8844	5.2442	5.7347	6.3320	7.0028	7.7051	8.3901	9.0062	9.5035	9.8393	9.9832	9.9212	9.6576	9.2147	8.6305	7.9538	7.2386	6.5387	5.9023	5.3686
equinox	100	-25	5.0855	4.7676	4.6329	4.6803	4.9073	5.3094	5.8772	6.5913	7.4190	8.3123	9.2095	10.0394	10.7291	11.2131	11.4426	11.3927	11.0669	10.4968	9.7370	8.8582	7.9367	7.0453	6.2454	5.5826
equinox	100	-20	5.2052	4.8220	4.6500	4.6851	4.9256	5.3715	6.0194	6.8549	7.8460	8.9384	10.0567	11.1094	11.9997	12.6382	12.9569	12.9199	12.5297	11.8271	10.8848	9.7957	8.6593	7.5683	6.5979	5.8005
equinox	100	-15	5.2425	4.8394	4.6560	4.6875	4.9321	5.3913	6.0635	6.9360	7.9767	9.1295	10.3147	11.4348	12.3856	13.0708	13.4164	13.3833	12.9736	12.2311	11.2336	10.0809	8.8795	7.7279	6.7058	5.8676
equinox	100	-10	5.1677	4.8077	4.6490	4.6886	4.9246	5.3552	5.9748	6.7674	7.7004	8.7218	9.7609	10.7338	11.5520	12.1349	12.4213	12.3795	12.0123	11.3572	10.4803	9.4665	8.4070	7.3872	6.4776	5.7282
equinox	100	-5	5.0455	4.7552	4.6363	4.6892	4.9109	5.2952	5.8297	6.4929	7.2517	8.0606	8.8636	9.5983	10.2019	10.6195	10.8103	10.7547	10.4563	9.9427	9.2610	8.4720	7.6420	6.8353	6.1075	5.5014
equinox	100	0	4.9531	4.7153	4.6266	4.6895	4.9005	5.2497	5.7199	6.2856	6.9131	7.5619	8.1868	8.7418	9.1837	9.4765	9.5953	9.5292	9.2830	8.8762	8.3419	7.7224	7.0655	6.4193	5.8284	5.3303
equinox	100	5	5.0455	4.7552	4.6363	4.6892	4.9109	5.2952	5.8297	6.4929	7.2517	8.0606	8.8636	9.5983	10.2019	10.6195	10.8103	10.7547	10.4563	9.9427	9.2610	8.4720	7.6420	6.8353	6.1075	5.5014
equinox	100	10	5.1677	4.8077	4.6490	4.6886	4.9246	5.3552	5.9748	6.7674	7.7004	8.7218	9.7609	10.7338	11.5520	12.1349	12.4213	12.3795	12.0123	11.3572	10.4803	9.4665	8.4070	7.3872	6.4776	5.7282
equinox	100	15	5.2425	4.8394	4.6560	4.6875	4.9321	5.3913	6.0635	6.9360	7.9767	9.1295	10.3147	11.4348	12.3856	13.0708	13.4164	13.3833	12.9736	12.2311	11.2336	10.0809	8.8795	7.7279	6.7058	5.8676
equinox	100	20	5.2052	4.8220	4.6500	4.6851	4.9256	5.3715	6.0194	6.8549	7.8460	8.9384	10.0567	11.1094	11.9997	12.6382	12.9569	12.9199	12.5297	11.8271	10.8848	9.7957	8.6593	7.5683	6.5979	5.8005
equinox	100	25	5.0855	4.7676	4.6329	4.6803	4.9073	5.3094	5.8772	6.5913	7.4190	8.3123	9.2095	10.0394	10.7291	11.2131	11.4426	11.3927	11.0669	10.4968	9.7370	8.8582	7.9367	7.0453	6.2454	5.5826
equinox	100	30	4.9655	4.7105	4.6116	4.6707	4.8844	5.2442	5.7347	6.3320	7.0028	7.7051	8.3901	9.0062	9.5035	9.8393	9.9832	9.9212	9.6576	9.2147	8.6305	7.9538	7.2386	6.5387	5.9023	5.3686
equinox	100	35	4.8854	4.6652	4.5860	4.6512	4.8569	5.1925	5.6395	6.1716	6.7553	7.3519	7.9198	8.4182	8.8098	9.0642	9.1614	9.0931	8.8641	8.4918	8.0046	7.4394	6.8383	6.2443	5.6985	5.2362
equinox	100	40	4.8266	4.6188	4.5463	4.6127	4.8142	5.1395	5.5695	6.0773	6.6298	7.1894	7.7172	8.1758	8.5320	8.7598	8.8420	8.7723	8.5557	8.2078	7.7541	7.2275	6.6659	6.1090	5.5952	5.1585
equinox	100	45	4.7509	4.5460	4.4742	4.5390	4.7367	5.0563	5.4794	5.9798	6.5248	7.0776	7.5998	8.0541	8.4076	8.6340	8.7165	8.6484	8.4345	8.0906	7.6418	7.1211	6.5660	6.0159	5.5088	5.0781
equinox	100	50	4.6233	4.4187	4.3454	4.4064	4.5981	4.9109	5.3275	5.8235	6.3675	6.9233	7.4522	7.9159	8.2798	8.5159	8.6056	8.5413	8.3275	7.9805	7.5266	7.0003	6.4405	5.8875	5.3795	4.9494
equinox	100	55	4.4183	4.2137	4.1376	4.1922	4.3745	4.6763	5.0832	5.5733	6.1174	6.6802	7.2225	7.7040	8.0872	8.3408	8.4433	8.3853	8.1708	7.8172	7.3530	6.8152	6.2453	5.6854	5.1740	4.7436
equinox	100	60	4.1387	3.9343	3.8547	3.9005	4.0695	4.3561	4.7492	5.2309	5.7749	6.3472	6.9079	7.4140	7.8238	8.1017	8.2219	8.1725	7.9571	7.5943	7.1156	6.5619	5.9781	5.4087	4.8930	4.4625
equinox	100	65	3.8344	3.6310	3.5478	3.5841	3.7383	4.0074	4.3846	4.8562	5.3994	5.9816	6.5621	7.0950	7.5341	7.8385	7.9782	7.9384	7.7219	7.3490	6.8546	6.2835	5.6847	5.1053	4.5856	4.1556
equinox	100	70	3.5751	3.3733	3.2876	3.3158	3.4569	3.7103	4.0729	4.5349	5.0765	5.6667	6.2639	6.8197	7.2839	7.6112	7.7676	7.7360	7.5187	7.1371	6.6292	6.0434	5.4320	4.8445	4.3219	3.8933
equinox	100	75	3.3965	3.1965	3.1093	3.1320	3.2637	3.5057	3.8574	4.3121	4.8521	5.4474	6.0560	6.6276	7.1092	7.4524	7.6205	7.5947	7.3767	6.9892	6.4719	5.8758	5.2559	4.6631	4.1390	3.7119
equinox	100	80	3.2907	3.0919	3.0041	3.0235	3.1495	3.3844	3.7294	4.1793	4.7180	5.3162	5.9315	6.5125	7.0045	7.3572	7.5324	7.5100	7.2916	6.9005	6.3776	5.7756	5.1505	4.5547	4.0299	3.6041
equinox	100	85	3.2333	3.0353	2.9473	2.9649	3.0878	3.3188	3.6599	4.1071	4.6451	5.2448	5.8637	6.4498	6.9474	7.3053	7.4843	7.4638	7.2452	6.8522	6.3263	5.7209	5.0932	4.4957	3.9707	3.5456
equinox	100	90	3.2038	3.0063	2.9180	2.9348	3.0561	3.2849	3.6241	4.0699	4.6074	5.2079	5.8286	6.4173	6.9179	7.2784	7.4594	7.4399	7.2212	6.8272	6.2997	5.6926	5.0635	4.4653	3.9401	3.5154
summer	0	-90	2.3357	2.2617	2.2316	2.2461	2.3055	2.4097	2.5561	2.7372	2.9393	3.1444	3.3333	3.4892	3.6011	3.6646	3.6802	3.6509	3.5806	3.4723	3.3303	3.1606	2.9736	2.7829	2.6042	2.4517
summer	0	-85	2.3509	2.2770	2.2472	2.2623	2.3226	2.4279	2.5753	2.7567	2.9585	3.1627	3.3500	3.5040	3.6142	3.6761	3.6906	3.6609	3.5906	3.4830	3.3418	3.1733	2.9873	2.7975	2.6193	2.4670
summer	0	-80	2.3806	2.3068	2.2776	2.2939	2.3561	2.4634	2.6124	2.7946	2.9959	3.1981	3.3823	3.5328	3.6394	3.6984	3.7108	3.6801	3.6100	3.5035	3.3642	3.1979	3.0140	2.8258	2.6486	2.4966
summer	0	-75	2.4359	2.3623	2.3343	2.3529	2.4184	2.5295	2.6814	2.8648	3.0648	3.2633	3.4418	3.5857	3.6858	3.7392	3.7479	3.7154	3.6455	3.5412	3.4053	3.2430	3.0631	2.8781	2.7028	2.5517
summer	0	-70	2.5301	2.4574	2.4315	2.4541	2.5252	2.6421	2.7986	2.9835	3.1810	3.3728	3.5417	3.6743	3.7633	3.8076	3.8098	3.7744	3.7051	3.6042	3.4741	3.3188	3.1456	2.9661	2.7945	2.6452
summer	0	-65	2.6690	2.5982	2.5758	2.6043	2.6831	2.8080	2.9704	3.1566	3.3497	3.5313	3.6857	3.8018	3.8749	3.9058	3.8988	3.8592	3.7906	3.6949	3.5732	3.4280	3.2649	3.0939	2.9282	2.7822
summer	0	-60	2.8347	2.7670	2.7492	2.7847	2.8723	3.0059	3.1741	3.3609	3.5478	3.7169	3.8539	3.9504	4.0046	4.0199	4.0022	3.9576	3.8899	3.8003	3.6886	3.5555	3.4046	3.2440	3.0859	2.9448
summer	0	-55	2.9891	2.9247	2.9116	2.9536	3.0491	3.1900	3.3629	3.5494	3.7301	3.8871	4.0078	4.0862	4.1231	4.1240	4.0965	4.0474	3.9805	3.8965	3.7941	3.6722	3.5327	3.3822	3.2318	3.0957
summer	0	-50	3.1034	3.0417	3.0321	3.0790	3.1800	3.3262	3.5021	3.6882	3.8640	4.0120	4.1207	4.1858	4.2100	4.2004	4.1658	4.1134	4.0472	3.9673	3.8715	3.7579	3.6269	3.4839	3.3392	3.2072
summer	0	-45	3.1750	3.1148	3.1073	3.1571	3.2616	3.4111	3.5891	3.7752	3.9485	4.0915	4.1934	4.2509	4.2678	4.2521	4.2132	4.1588	4.0928	4.0151	3.9230	3.8139	3.6876	3.5487	3.4072	3.2773
summer	0	-40	3.2176	3.1568	3.1496	3.2006	3.3074	3.4597	3.6408	3.8297	4.0050	4.1492	4.2514	4.3084	4.3242	4.3072	4.2670	4.2114	4.1445	4.0660	3.9733	3.8634	3.7361	3.5958	3.4527	3.3212
summer	0	-35	3.2068	3.1350	3.1209	3.1688	3.2763	3.4345	3.6277	3.8361	4.0385	4.2159	4.3547	4.4484	4.4967	4.5043	4.4782	4.4246	4.3476	4.2486	4.1273	3.9841	3.8225	3.6503	3.4797	3.3264
summer	0	-30	3.2062	3.1115	3.0835	3.1254	3.2357	3.4072	3.6270	3.8769	4.1351	4.3799	4.5919	4.7573	4.8683	4.9228	4.9230	4.8725	4.7758	4.6365	4.4594	4.2510	4.0213	3.7844	3.5576	3.3593
summer	0	-25	3.2251	3.0934	3.0432	3.0764	3.1920	3.3862	3.6499	3.9679	4.3179	4.6734	5.0061	5.2903	5.5055	5.6384	5.6825	5.6375	5.5075	5.3010	5.0303	4.7127	4.3694	4.0252	3.7054	3.4328
summer	0	-20	3.2414	3.0725	3.0004	3.0248	3.1455	3.3619	3.6696	4.0571	4.5026	4.9752	5.4379	5.8523	6.1838	6.4056	6.5007	6.4630	6.2964	6.0145	5.6395	5.2009	4.7334	4.2735	3.8550	3.5050
summer	0	-15	3.2131	3.0315	2.9518	2.9723	3.0927	3.3143	3.6354	4.0470	4.5294	5.0514	5.5730	6.0502	6.4411	6.7105	6.8346	6.8028	6.6184	6.2983	5.8707	5.3730	4.8474	4.3362	3.8767	3.4969
summer	0	-10	3.1287	2.9662	2.8969	2.9194	3.0331	3.2383	3.5328	3.9082	4.3467	4.8211	5.2961	5.7324	6.0913	6.3397	6.4542	6.4239	6.2515	5.9531	5.5563	5.0966	4.6137	4.1466	3.7287	3.3846
summer	0	-5	3.0236	2.8922	2.8400	2.8666	2.9712	3.1522	3.4050	3.7202	4.0816	4.4663	4.8466	5.1920	5.4730	5.6644	5.7481	5.7161	5.5708	5.3251	5.0012	4.6274	4.2352	3.8552	3.5144	3.2330
summer	0	0	2.9361	2.8260	2.7853	2.8142	2.9116	3.0750	3.2982	3.5709	3.8776	4.1983	4.5100	4.7887	5.0117	5.1598	5.2200	5.1866	5.0619	4.8565	4.5878	4.2782	3.9526	3.6359	3.3502	3.1130
summer	0	5	3.0236	2.8922	2.8400	2.8666	2.9712	3.1522	3.4050	3.7202	4.0816	4.4663	4.8466	5.1920	5.4730	5.6644	5.7481	5.7161	5.5708	5.3251	5.0012	4.6274	4.2352	3.8552	3.5144	3.2330
summer	0	10	3.1287	2.9662	2.8969	2.9194	3.0331	3.2383	3.5328	3.9082	4.3467	4.8211	5.2961	5.7324	6.0913	6.3397	6.4542	6.4239	6.2515	5.9531	5.5563	5.0966	4.6137	4.1466	3.7287	3.3846
summer	0	15	3.2131	3.0315	2.9518	2.9723	3.0927	3.3143	3.6354	4.0470	4.5294	5.0514	5.5730	6.0502	6.4411	6.7105	6.8346	6.8028	6.6184	6.2983	5.8707	5.3730	4.8474	4.3362	3.8767	3.4969
summer	0	20	3.2414	3.0725	3.0004	3.0248	3.1455	3.3619	3.6696	4.0571	4.5026	4.9752	5.4379	5.8523	6.1838	6.4056	6.5007	6.4630	6.2964	6.0145	5.6395	5.2009	4.7334	4.2735	3.8550	3.5050
summer	0	25	3.2251	3.0934	3.0432	3.0764	3.1920	3.3862	3.6499	3.9679	4.3179	4.6734	5.0061	5.2903	5.5055	5.6384	5.6825	5.6375	5.5075	5.3010	5.0303	4.7127	4.3694	4.0252	3.7054	3.4328
summer	0	30	3.2062	3.1115	3.0835	3.1254	3.2357	3.4072	3.6270	3.8769	4.1351	4.3799	4.5919	4.7573	4.8683	4.9228	4.9230	4.8725	4.7758	4.6365	4.4594	4.2510	4.0213	3.7844	3.5576	3.3593
summer	0	35	3.2068	3.1350	3.1209	3.1688	3.2763	3.4345	3.6277	3.8361	4.0385	4.2159	4.3547	4.4484	4.4967	4.5043	4.4782	4.4246	4.3476	4.2486	4.1273	3.9841	3.8225	3.6503	3.4797	3.3264
summer	0	40	3.2176	3.1568	3.1496	3.2006	3.3074	3.4597	3.6408	3.8297	4.0050	4.1492	4.2514	4.3084	4.3242	4.3072	4.2670	4.2114	4.1445	4.0660	3.9733	3.8634	3.7361	3.5958	3.4527	3.3212
summer	0	45	3.1750	3.1148	3.1073	3.1571	3.2616	3.4111	3.5891	3.7752	3.9485	4.0915	4.1934	4.2509	4.2678	4.2521	4.2132	4.1588	4.0928	4.0151	3.9230	3.8139	3.6876	3.5487	3.4072	3.2773
summer	0	50	3.1034	3.0417	3.0321	3.0790	3.1800	3.3262	3.5021	3.6882	3.8640	4.0120	4.1207	4.1858	4.2100	4.2004	4.1658	4.1134	4.0472	3.9673	3.8715	3.7579	3.6269	3.4839	3.3392	3.2072
summer	0	55	2.9891	2.9247	2.9116	2.9536	3.0491	3.1900	3.3629	3.5494	3.7301	3.8871	4.0078	4.0862	4.1231	4.1240	4.0965	4.0474	3.9805	3.8965	3.7941	3.6722	3.5327	3.3822	3.2318	3.0957
summer	0	60	2.8347	2.7670	2.7492	2.7847	2.8723	3.0059	3.1741	3.3609	3.5478	3.7169	3.8539	3.9504	4.0046	4.0199	4.0022	3.9576	3.8899	3.8003	3.6886	3.5555	3.4046	3.2440	3.0859	2.9448
summer	0	65	2.6690	2.5982	2.5758	2.6043	2.6831	2.8080	2.9704	3.1566	3.3497	3.5313	3.6857	3.8018	3.8749	3.9058	3.8988	3.8592	3.7906	3.6949	3.5732	3.4280	3.2649	3.0939	2.9282	2.7822
summer	0	70	2.5301	2.4574	2.4315	2.4541	2.5252	2.6421	2.7986	2.9835	3.1810	3.3728	3.5417	3.6743	3.7633	3.8076	3.8098	3.7744	3.7051	3.6042	3.4741	3.3188	3.1456	2.9661	2.7945	2.6452
summer	0	75	2.4359	2.3623	2.3343	2.3529	2.4184	2.5295	2.6814	2.8648	3.0648	3.2633	3.4418	3.5857	3.6858	3.7392	3.7479	3.7154	3.6455	3.5412	3.4053	3.2430	3.0631	2.8781	2.7028	2.5517
summer	0	80	2.3806	2.3068	2.2776	2.2939	2.3561	2.4634	2.6124	2.7946	2.9959	3.1981	3.3823	3.5328	3.6394	3.6984	3.7108	3.6801	3.6100	3.5035	3.3642	3.1979	3.0140	2.8258	2.6486	2.4966
summer	0	85	2.3509	2.2770	2.2472	2.2623	2.3226	2.4279	2.5753	2.7567	2.9585	3.1627	3.3500	3.5040	3.6142	3.6761	3.6906	3.6609	3.5906	3.4830	3.3418	3.1733	2.9873	2.7975	2.6193	2.4670
summer	0	90	2.3357	2.2617	2.2316	2.2461	2.3055	2.4097	2.5561	2.7372	2.9393	3.1444	3.3333	3.4892	3.6011	3.6646	3.6802	3.6509	3.5806	3.4723	3.3303	3.1606	2.9736	2.7829	2.6042	2.4517
summer	100	-90	3.6135	3.4386	3.3667	3.4014	3.5425	3.7857	4.1191	4.5212	4.9600	5.3969	5.7931	6.1169	6.3478	6.4783	6.5101	6.4502	6.3055	6.0821	5.7869	5.4310	5.0335	4.6213	4.2269	3.8821
summer	100	-85	3.6492	3.4749	3.4040	3.4400	3.5829	3.8276	4.1621	4.5640	5.0013	5.4354	5.8280	6.1476	6.3747	6.5018	6.5315	6.4706	6.3261	6.1041	5.8110	5.4578	5.0629	4.6532	4.2605	3.9170
summer	100	-80	3.7183	3.5455	3.4764	3.5151	3.6612	3.9090	4.2453	4.6469	5.0812	5.5099	5.8953	6.2070	6.4265	6.5474	6.5729	6.5100	6.3660	6.1465	5.8576	5.5095	5.1199	4.7148	4.3257	3.9846
summer	100	-75	3.8459	3.6757	3.6102	3.6538	3.8057	4.0590	4.3984	4.7993	5.2281	5.6468	6.0189	6.3160	6.5215	6.6310	6.6487	6.5823	6.4391	6.2243	5.9431	5.6044	5.2245	4.8280	4.4457	4.1091
summer	100	-70	4.0604	3.8953	3.8358	3.8877	4.0493	4.3113	4.6556	5.0548	5.4740	5.8756	6.2254	6.4980	6.6802	6.7705	6.7752	6.7029	6.5611	6.3542	6.0858	5.7629	5.3993	5.0175	4.6466	4.3181
summer	100	-65	4.3709	4.2135	4.1634	4.2272	4.4022	4.6761	5.0266	5.4226	5.8273	6.2041	6.5215	6.7588	6.9075	6.9703	6.9563	6.8756	6.7358	6.5402	6.2904	5.9902	5.6503	5.2898	4.9360	4.6197
summer	100	-60	4.7340	4.5865	4.5477	4.6254	4.8156	5.1026	5.4593	5.8507	6.2380	6.5853	6.8648	7.0610	7.1708	7.2017	7.1660	7.0756	6.9381	6.7557	6.5274	6.2538	5.9416	5.6064	5.2730	4.9718
summer	100	-55	5.0666	4.9286	4.9004	4.9907	5.1946	5.4930	5.8548	6.2413	6.6122	6.9324	7.1772	7.3358	7.4102	7.4120	7.3566	7.2574	7.1221	6.9516	6.7430	6.4937	6.2069	5.8951	5.5807	5.2937
summer	100	-50	5.3100	5.1790	5.1586	5.2582	5.4719	5.7784	6.1437	6.5265	6.8854	7.1857	7.4054	7.5367	7.5854	7.5661	7.4964	7.3907	7.2569	7.0951	6.9008	6.6691	6.4007	6.1060	5.8056	5.5291
summer	100	-45	5.4613	5.3342	5.3183	5.4235	5.6433	5.9550	6.3231	6.7045	7.0571	7.3465	7.5520	7.6677	7.7016	7.6700	7.5919	7.4823	7.3491	7.1920	7.0054	6.7835	6.5254	6.2399	5.9470	5.6762
summer	100	-40	5.5510	5.4229	5.4077	5.5153	5.7391	6.0560	6.4294	6.8156	7.1717	7.4630	7.6686	7.7831	7.8148	7.7806	7.7000	7.5883	7.4534	7.2951	7.1074	6.8843	6.6245	6.3369	6.0415	5.7680
summer	100	-35	5.5283	5.3769	5.3472	5.4483	5.6742	6.0036	6.4024	6.8287	7.2393	7.5972	7.8761	8.0635	8.1600	8.1753	8.1232	8.0160	7.8618	7.6629	7.4187	7.1293	6.8010	6.4487	6.0973	5.7788
summer	100	-30	5.5271	5.3272	5.2677	5.3566	5.5890	5.9471	6.4011	6.9116	7.4345	7.9264	8.3502	8.6793	8.8996	9.0078	9.0080	8.9081	8.7160	8.4391	8.0857	7.6678	7.2046	6.7233	6.2583	5.8474
summer	100	-25	5.5668	5.2888	5.1822	5.2528	5.4972	5.9034	6.4481	7.0964	7.8022	8.5125	9.1727	9.7337	10.1572	10.4182	10.5048	10.4164	10.1612	9.7548	9.2206	8.5906	7.9054	7.2124	6.5617	6.0003
summer	100	-20	5.6009	5.2444	5.0909	5.1430	5.3992	5.8528	6.4885	7.2769	8.1718	9.1115	10.0244	10.8375	11.4855	11.9180	12.1033	12.0298	11.7052	11.1547	10.4203	9.5574	8.6318	7.7129	6.8671	6.1497
summer	100	-15	5.5415	5.1572	4.9868	5.0307	5.2874	5.7535	6.4182	7.2566	8.2254	9.2623	10.2898	11.2246	11.9871	12.5115	12.7528	12.6910	12.3325	11.7088	10.8735	9.8967	8.8582	7.8389	6.9114	6.1329
summer	100	-10	5.3635	5.0176	4.8688	4.9172	5.1607	5.5945	6.2071	6.9752	7.8599	8.8061	9.7453	10.6026	11.3048	11.7895	12.0127	11.9536	11.6176	11.0348	10.2570	9.3516	8.3937	7.4577	6.6094	5.9000
summer	100	-5	5.1405	4.8586	4.7457	4.8033	5.0284	5.4131	5.9425	6.5921	7.3264	8.0994	8.8566	9.5399	10.0934	10.4692	10.6334	10.5706	10.2855	9.8024	9.1630	8.4209	7.6360	6.8676	6.1691	5.5833
summer	100	0	4.9531	4.7153	4.6266	4.6895	4.9005	5.2497	5.7199	6.2856	6.9131	7.5619	8.1868	8.7418	9.1837	9.4765	9.5953	9.5292	9.2830	8.8762	8.3419	7.7224	7.0655	6.4193	5.8284	5.3303
summer	100	5	5.1405	4.8586	4.7457	4.8033	5.0284	5.4131	5.9425	6.5921	7.3264	8.0994	8.8566	9.5399	10.0934	10.4692	10.6334	10.5706	10.2855	9.8024	9.1630	8.4209	7.6360	6.8676	6.1691	5.5833
summer	100	10	5.3635	5.0176	4.8688	4.9172	5.1607	5.5945	6.2071	6.9752	7.8599	8.8061	9.7453	10.6026	11.3048	11.7895	12.0127	11.9536	11.6176	11.0348	10.2570	9.3516	8.3937	7.4577	6.6094	5.9000
summer	100	15	5.5415	5.1572	4.9868	5.0307	5.2874	5.7535	6.4182	7.2566	8.2254	9.2623	10.2898	11.2246	11.9871	12.5115	12.7528	12.6910	12.3325	11.7088	10.8735	9.8967	8.8582	7.8389	6.9114	6.1329
summer	100	20	5.6009	5.2444	5.0909	5.1430	5.3992	5.8528	6.4885	7.2769	8.1718	9.1115	10.0244	10.8375	11.4855	11.9180	12.1033	12.0298	11.7052	11.1547	10.4203	9.5574	8.6318	7.7129	6.8671	6.1497
summer	100	25	5.5668	5.2888	5.1822	5.2528	5.4972	5.9034	6.4481	7.0964	7.8022	8.5125	9.1727	9.7337	10.1572	10.4182	10.5048	10.4164	10.1612	9.7548	9.2206	8.5906	7.9054	7.2124	6.5617	6.0003
summer	100	30	5.5271	5.3272	5.2677	5.3566	5.5890	5.9471	6.4011	6.9116	7.4345	7.9264	8.3502	8.6793	8.8996	9.0078	9.0080	8.9081	8.7160	8.4391	8.0857	7.6678	7.2046	6.7233	6.2583	5.8474
summer	100	35	5.5283	5.3769	5.3472	5.4483	5.6742	6.0036	6.4024	6.8287	7.2393	7.5972	7.8761	8.0635	8.1600	8.1753	8.1232	8.0160	7.8618	7.6629	7.4187	7.1293	6.8010	6.4487	6.0973	5.7788
summer	100	40	5.5510	5.4229	5.4077	5.5153	5.7391	6.0560	6.4294	6.8156	7.1717	7.4630	7.6686	7.7831	7.8148	7.7806	7.7000	7.5883	7.4534	7.2951	7.1074	6.8843	6.6245	6.3369	6.0415	5.7680
summer	100	45	5.4613	5.3342	5.3183	5.4235	5.6433	5.9550	6.3231	6.7045	7.0571	7.3465	7.5520	7.6677	7.7016	7.6700	7.5919	7.4823	7.3491	7.1920	7.0054	6.7835	6.5254	6.2399	5.9470	5.6762
summer	100	50	5.3100	5.1790	5.1586	5.2582	5.4719	5.7784	6.1437	6.5265	6.8854	7.1857	7.4054	7.5367	7.5854	7.5661	7.4964	7.3907	7.2569	7.0951	6.9008	6.6691	6.4007	6.1060	5.8056	5.5291
summer	100	55	5.0666	4.9286	4.9004	4.9907	5.1946	5.4930	5.8548	6.2413	6.6122	6.9324	7.1772	7.3358	7.4102	7.4120	7.3566	7.2574	7.1221	6.9516	6.7430	6.4937	6.2069	5.8951	5.5807	5.2937
summer	100	60	4.7340	4.5865	4.5477	4.6254	4.8156	5.1026	5.4593	5.8507	6.2380	6.5853	6.8648	7.0610	7.1708	7.2017	7.1660	7.0756	6.9381	6.7557	6.5274	6.2538	5.9416	5.6064	5.2730	4.9718
summer	100	65	4.3709	4.2135	4.1634	4.2272	4.4022	4.6761	5.0266	5.4226	5.8273	6.2041	6.5215	6.7588	6.9075	6.9703	6.9563	6.8756	6.7358	6.5402	6.2904	5.9902	5.6503	5.2898	4.9360	4.6197
summer	100	70	4.0604	3.8953	3.8358	3.8877	4.0493	4.3113	4.6556	5.0548	5.4740	5.8756	6.2254	6.4980	6.6802	6.7705	6.7752	6.7029	6.5611	6.3542	6.0858	5.7629	5.3993	5.0175	4.6466	4.3181
summer	100	75	3.8459	3.6757	3.6102	3.6538	3.8057	4.0590	4.3984	4.7993	5.2281	5.6468	6.0189	6.3160	6.5215	6.6310	6.6487	6.5823	6.4391	6.2243	5.9431	5.6044	5.2245	4.8280	4.4457	4.1091
summer	100	80	3.7183	3.5455	3.4764	3.5151	3.6612	3.9090	4.2453	4.6469	5.0812	5.5099	5.8953	6.2070	6.4265	6.5474	6.5729	6.5100	6.3660	6.1465	5.8576	5.5095	5.1199	4.7148	4.3257	3.9846
summer	100	85	3.6492	3.4749	3.4040	3.4400	3.5829	3.8276	4.1621	4.5640	5.0013	5.4354	5.8280	6.1476	6.3747	6.5018	6.5315	6.4706	6.3261	6.1041	5.8110	5.4578	5.0629	4.6532	4.2605	3.9170
summer	100	90	3.6135	3.4386	3.3667	3.4014	3.5425	3.7857	4.1191	4.5212	4.9600	5.3969	5.7931	6.1169	6.3478	6.4783	6.5101	6.4502	6.3055	6.0821	5.7869	5.4310	5.0335	4.6213	4.2269	3.8821
